nodeID,xcoord,ycoord,floor,building,nodeType,longName,Short Name,teamAssigned
HREST001F2,1605,1008,F2,Tower,REST,Restroom,HREST00102,F
HREST001F3,1785,830,F3,Tower,REST,Restroom,HREST00103,F
HREST002F3,1750,985,F3,Tower,REST,Restroom,HREST00203,F
ACONF001F3,1648,2968,F3,BTM,CONF,BTM Conference Center,ACONF00103,F
ACONF0010G,1671,2648,G,BTM,CONF,Schlagler Innovation Lobby,ACONF0010G,F
BCONF001F2,2150,1025,F2,45 Francis,CONF,Duncan Reid Conference Room,BCONF00102,F
CCONF001L1,2255,849,L1,45 Francis,CONF,Anesthesia Conference Room,CCONF001L1,F
CCONF002L1,2665,1043,L1,45 Francis,CONF,Medical Records Conference Room,CCONF002L1,F
CCONF003L1,2445,1245,L1,45 Francis,CONF,Abrams Conference Room,CCONF003L1,F
DCONF001F2,4595,550,F2,15 Francis,CONF,Carrie M. Hall Conference Center,DCONF00102,F
GCONF020F1,1493,2117,F1,Shapiro,CONF,Shapiro Board Room,GCONF02001,F
ADEPT001F1,1401,2628,F1,BTM,DEPT,Neuroscience Waiting Room,ADEPT00101,F
ADEPT001F2,1395,2674,F2,BTM,DEPT,Orthopedics and Rhemutalogy,ADEPT00102,F
ADEPT0010G,1530,2495,G,BTM,DEPT,Neuro Testing Waiting Area ,ADEPT0010G,F
ADEPT002F1,1720,2847,F1,BTM,DEPT,MS Waiting,ADEPT00201,F
ADEPT0020G,1552,2843,G,BTM,DEPT,Infusion Waiting Area ,ADEPT0020G,F
ADEPT003F1,986,2852,F1,BTM,DEPT,CART Waiting,ADEPT00301,F
BDEPT001F2,2260,786,F2,45 Francis,DEPT,Comprehensive Breast Heath,BDEPT00102,F
BDEPT002F2,2166,1039,F2,45 Francis,DEPT,Oral Medicine and Dentistry,BDEPT00202,F
BDEPT003F2,2385,753,F2,45 Francis,DEPT,Lee Bell Breast Center,BDEPT00302,F
BDEPT004F2,2439,902,F2,45 Francis,DEPT,Jen Center for Primary Care,BDEPT00402,F
BDEPT005F2,2623,1018,F2,45 Francis,DEPT,Ear Nose & Throat,BDEPT00502,F
BDEPT007F2,2945,775,F2,45 Francis,DEPT,Plastic Surgery,BDEPT00702,F
BDEPT008F2,3155,890,F2,45 Francis,DEPT,Outpatient Pharmacy,BDEPT00802,F
BDEPT009F2,3257,879,F2,45 Francis,DEPT,Weiner Center for Preoperative Evaluation,BDEPT00902,F
CDEPT002L1,1980,844,L1,Tower,DEPT,Day Surgery Family Waiting,CDEPT002L1,F
CDEPT003L1,1845,844,L1,Tower,DEPT,Day Surgery Family Waiting Exit,CDEPT003L1,F
CDEPT004L1,2310,1043,L1,45 Francis,DEPT,Medical Records Film Library,CDEPT004L1,F
DDEPT001F2,4330,700,F2,15 Francis,DEPT,Chest Diseases,DDEPT00102,F
DDEPT002F2,4240,730,F2,15 Francis,DEPT,Thoracic Surgery Clinic,DDEPT00202,F
DDEPT003F2,3900,640,F2,15 Francis,DEPT,Brigham Health,DDEPT00302,F
DDEPT004F2,3425,870,F2,15 Francis,DEPT,Waiting Room,DDEPT00402,F
EDEPT001F1,2335,860,F1,45 Francis,DEPT,Waiting Room 1,EDEPT00101,F
EDEPT002F1,3100,890,F1,45 Francis,DEPT,Wound and Ambulatory Department,EDEPT00201,F
EDEPT003F1,3200,880,F1,45 Francis,DEPT,Ocupational Health Department,EDEPT00301,F
EDEPT004F1,2790,1380,F1,45 Francis,DEPT,Rehabilitation Services,EDEPT00401,F
FDEPT001F1,1617,825,F1,Tower,DEPT,Center for International Medicine,FDEPT00101,F
FDEPT002F1,1610,1120,F1,Tower,DEPT,Bretholtz Center for Patients and Families,FDEPT00201,F
FDEPT003F1,1721,931,F1,Tower,DEPT,Multifaith Chapel,FDEPT00301,F
FDEPT004F1,1794,1146,F1,Tower,DEPT,Sharf Admitting Center,FDEPT00401,F
FDEPT005F1,2128,1300,F1,Tower,DEPT,Emergency Department,FDEPT00501,F
FDEPT006F1,1780,1029,F1,Tower,DEPT,International Patient Center,FDEPT00601,F
FSERV004F1,1721,970,F1,Tower,DEPT,Spiritual Care Office,FSERV00401,F
GDEPT004F3,1580,2142,F3,Shapiro,DEPT,Brigham Circle Medical Associates,GDEPT00403,F
GDEPT007F2,1341,1778,F2,Shapiro,DEPT,Waiting room,GDEPT00702,F
GDEPT014F3,1580,1904,F3,Shapiro,DEPT,Watkins Clinic C,GDEPT01403,F
GDEPT019F1,1566,2139,F1,Shapiro,DEPT,Zinner Breakout Room,GDEPT01901,F
GDEPT024F2,1578,1932,F2,Shapiro,DEPT,Watkins A,GDEPT02402,F
GDEPT035F2,1580,2166,F2,Shapiro,DEPT,Watkins B,GDEPT03502,F
HDEPT001F2,2055,1330,F2,Tower,DEPT,Endoscopy,HDEPT00102,F
HDEPT001F3,1725,900,F3,Tower,DEPT,Dialysis Waiting Room,HDEPT00103,F
HDEPT002F3,1690,830,F3,Tower,DEPT,MICU 3BC Waiting Room,HDEPT00203,F
IDEPT001F3,2323,1328,F3,45 Francis,DEPT,Center for Infertility and Reproductive Surgery,IDEPT00103,F
IDEPT002F3,2448,1328,F3,45 Francis,DEPT,Gynecology Oncology MIGS,IDEPT00203,F
IDEPT003F3,2730,1315,F3,45 Francis,DEPT,General Surgical Specialties Suite A,IDEPT00303,F
IDEPT004F3,2738,1227,F3,45 Francis,DEPT,General Surgical Specialties Suite B,IDEPT00403,F
IDEPT005F3,2868,1075,F3,45 Francis,DEPT,Urology,IDEPT00503,F
IDEPT006F3,2333,764,F3,45 Francis,DEPT,Maternal Fetal Practice,IDEPT00603,F
IDEPT007F3,2400,764,F3,45 Francis,DEPT,Obstetrics,IDEPT00703,F
IDEPT008F3,2492,887,F3,45 Francis,DEPT,Fetal Med & Genetics,IDEPT00803,F
IDEPT009F3,2631,851,F3,45 Francis,DEPT,Gynecology,IDEPT00903,F
AELEV00SF1,1534,2777,F1,BTM,ELEV,Elevator S,AELEV00S01,F
AELEV00SF2,1532,2777,F2,BTM,ELEV,Elevator S,AELEV00S02,F
AELEV00SF3,1539,2773,F3,BTM,ELEV,Elevator S,AELEV00S03,F
AELEV00S0G,1523,2763,G,BTM,ELEV,Elevator S,AELEV00S0G,F
AELEV00SL2,1630,2742,L2,BTM,ELEV,Elevator S,AELEV00SL2,F
DELEV00AF2,4550,375,F2,15 Francis,ELEV,Elevator A,DELEV00A02,F
DELEV00BF2,4155,650,F2,15 Francis,ELEV,Elevator B,DELEV00B02,F
DELEV00CF2,3955,885,F2,15 Francis,ELEV,Elevator C,DELEV00C02,F
DELEV00DF2,3475,760,F2,15 Francis,ELEV,Elevator D,DELEV00D02,F
GELEV00NF1,1647,1930,F1,Shapiro,ELEV,Elevator N,GELEV00N01,F
GELEV00NF2,1630,1931,F2,Shapiro,ELEV,Elevator N,GELEV00N02,F
GELEV00NF3,1628,1904,F3,Shapiro,ELEV,Elevator N,GELEV00N03,F
GELEV00QF1,1648,2161,F1,Shapiro,ELEV,Elevator Q,GELEV00Q01,F
GELEV00QF2,1628,2102,F2,Shapiro,ELEV,Elevator Q,GELEV00Q02,F
GELEV00QF3,1628,2142,F3,Shapiro,ELEV,Elevator Q,GELEV00Q03,F
GELEV00QL1,1637,2116,L1,Shapiro,ELEV,Elevator Q,GELEV00QL1,F
GELEV00QL2,1625,2089,L2,Shapiro,ELEV,Elevator Q,GELEV00QL2,F
WELEV00EF1,3265,830,F1,45 Francis,ELEV,Elevator E,WELEV00E01,F
WELEV00EF2,3235,880,F2,45 Francis,ELEV,Elevator E,WELEV00E02,F
WELEV00FF1,3050,980,F1,45 Francis,ELEV,Elevator F,WELEV00F01,F
WELEV00FF2,3075,960,F2,45 Francis,ELEV,Elevator F,WELEV00F02,F
WELEV00GF1,2935,900,F1,45 Francis,ELEV,Elevator G,WELEV00G01,F
WELEV00GF2,2945,870,F2,45 Francis,ELEV,Elevator G,WELEV00G02,F
WELEV00HF1,2735,1070,F1,45 Francis,ELEV,Elevator H,WELEV00H01,F
WELEV00HF2,2725,1065,F2,45 Francis,ELEV,Elevator H,WELEV00H02,F
WELEV00HF3,2715,1075,F3,45 Francis,ELEV,Elevator H,WELEV00H03,F
WELEV00HL1,2715,1070,L1,45 Francis,ELEV,Elevator H,WELEV00HL1,F
WELEV00JF1,2385,810,F1,45 Francis,ELEV,Elevator J,WELEV00J01,F
WELEV00JF2,2385,800,F2,45 Francis,ELEV,Elevator J,WELEV00J02,F
WELEV00JF3,2365,800,F3,45 Francis,ELEV,Elevator J,WELEV00J03,F
WELEV00JL1,2360,799,L1,45 Francis,ELEV,Elevator J,WELEV00JL1,F
WELEV00JL2,2360,804,L2,45 Francis,ELEV,Elevator J,WELEV00JL2,F
WELEV00KF1,2240,985,F1,45 Francis,ELEV,Elevator K,WELEV00K01,F
WELEV00KF2,2240,965,F2,45 Francis,ELEV,Elevator K,WELEV00K02,F
WELEV00KF3,2220,985,F3,45 Francis,ELEV,Elevator K,WELEV00K03,F
WELEV00KL1,2220,974,L1,45 Francis,ELEV,Elevator K,WELEV00KL1,F
WELEV00KL2,2215,974,L2,45 Francis,ELEV,Elevator K,WELEV00KL2,F
WELEV00LF1,1810,930,F1,Tower,ELEV,Elevator L,WELEV00L01,F
WELEV00LF2,1805,925,F2,Tower,ELEV,Elevator L,WELEV00L02,F
WELEV00LF3,1790,925,F3,Tower,ELEV,Elevator L,WELEV00L03,F
WELEV00LL1,1785,924,L1,Tower,ELEV,Elevator L,WELEV00LL1,F
WELEV00LL2,1785,924,L2,Tower,ELEV,Elevator L,WELEV00LL2,F
WELEV00MF1,1810,1280,F1,Tower,ELEV,Elevator M,WELEV00M01,F
WELEV00MF2,1825,1280,F2,Tower,ELEV,Elevator M,WELEV00M02,F
WELEV00MF3,1815,1290,F3,Tower,ELEV,Elevator M,WELEV00M03,F
WELEV00ML1,1820,1284,L1,Tower,ELEV,Elevator M,WELEV00ML1,F
WELEV00ML2,1820,1280,L2,Tower,ELEV,Elevator M,WELEV00ML2,F
AEXIT0010G,1678,2460,G,BTM,EXIT,Fenwood Road,AEXIT0010G,F
AEXIT001L2,1696,2788,L2,BTM,EXIT,Parking Garage,AEXIT001L2,F
DEXIT001F2,4295,750,F2,15 Francis,EXIT,15 Lobby Entrance,DEXIT00102,F
EEXIT001F1,2275,785,F1,45 Francis,EXIT,Ambulance Parking Exit,EEXIT00101,F
EEXIT002F1,2950,705,F1,45 Francis,EXIT,Exit 2,EEXIT00201,F
FEXIT001F1,2017,799,F1,Tower,EXIT,Shattuck Street Lobby Exit,FEXIT00101,F
FEXIT002F1,1748,1321,F1,Tower,EXIT,75 Francis Valet Drop-off,FEXIT00201,F
FEXIT003F1,2099,1357,F1,Tower,EXIT,Emergency Department Entrance,FEXIT00301,F
GEXIT001F1,1751,1825,F1,Shapiro,EXIT,Francis Street Exit,GEXIT00101,F
GEXIT001L1,1702,2260,L1,Shapiro,EXIT,Fenwood Road Exit,GEXIT001L1,F
ACONF001F2,1580,2538,F2,BTM,HALL,Hall,ACONF00102,F
AHALL001F1,1638,2553,F1,BTM,HALL,Hall,AHALL00101,F
AHALL001F2,1591,2560,F2,BTM,HALL,Hall,AHALL00102,F
AHALL001F3,1534,2732,F3,BTM,HALL,Hall,AHALL00103,F
AHALL0010G,1677,2530,G,BTM,HALL,Hall,AHALL0010G,F
AHALL001L2,1627,2782,L2,BTM,HALL,Hallway to Elevator,AHALL001L2,F
AHALL002F1,1608,2596,F1,BTM,HALL,Hall,AHALL00201,F
AHALL002F2,1590,2604,F2,BTM,HALL,Hall,AHALL00202,F
AHALL002F3,1600,2732,F3,BTM,HALL,Hall,AHALL00203,F
AHALL0020G,1623,2531,G,BTM,HALL,Hall,AHALL0020G,F
AHALL002L2,1698,2776,L2,BTM,HALL,Hallway Intersection,AHALL002L2,F
AHALL003F1,1608,2737,F1,BTM,HALL,Hall,AHALL00301,F
AHALL003F2,1590,2745,F2,BTM,HALL,Hall,AHALL00302,F
AHALL003F3,1650,2732,F3,BTM,HALL,Hall,AHALL00303,F
AHALL003L2,1701,2734,L2,BTM,HALL,Hall,AHALL003L2,F
AHALL004F1,1420,2737,F1,BTM,HALL,Hall,AHALL00401,F
AHALL004F2,1528,2745,F2,BTM,HALL,Hall,AHALL00402,F
AHALL004F3,1650,2766,F3,BTM,HALL,Hall,AHALL00403,F
AHALL0040G,1528,2531,G,BTM,HALL,Hall,AHALL0040G,F
AHALL004L2,1698,2687,L2,BTM,HALL,Hall,AHALL004L2,F
AHALL005F1,1420,2865,F1,BTM,HALL,Hall,AHALL00501,F
AHALL005F2,1398,2745,F2,BTM,HALL,Hall,AHALL00502,F
AHALL005F3,1650,2855,F3,BTM,HALL,Hall,AHALL00503,F
AHALL0050G,1713,2558,G,BTM,HALL,Hall,AHALL0050G,F
AHALL006F1,1678,2865,F1,BTM,HALL,Hall,AHALL00601,F
AHALL006F2,1683,2543,F2,BTM,HALL,Hall,AHALL00602,F
AHALL006F3,1580,2858,F3,BTM,HALL,HallNode,AHALL00603,F
AHALL0060G,1595,2583,G,BTM,HALL,Hall,AHALL0060G,F
AHALL007F1,1017,2865,F1,BTM,HALL,Hall,AHALL00701,F
AHALL0070G,1712,2647,G,BTM,HALL,Hall,AHALL0070G,F
AHALL008F1,1532,2739,F1,BTM,HALL,Hall,AHALL00801,F
AHALL0080G,1602,2706,G,BTM,HALL,Hall,AHALL0080G,F
AHALL009F1,1581,2566,F1,BTM,HALL,Hall,AHALL00901,F
AHALL0090G,1524,2726,G,BTM,HALL,Hall,AHALL0090G,F
AHALL010F1,1605,2568,F1,BTM,HALL,Hall,AHALL01001,F
AHALL0100G,1600,2853,G,BTM,HALL,Hall,AHALL0100G,F
AHALL0110G,1550,2853,G,BTM,HALL,Hall,AHALL0110G,F
AHALL0120G,1548,2538,G,BTM,HALL,Hall,AHALL0120G,F
AHALL0130G,1582,2533,G,BTM,HALL,Hall,AHALL0130G,F
AHALL0140G,1599,2727,G,BTM,HALL,Hall,AHALL0140G,F
AHALL0150G,1598,2532,G,BTM,HALL,Hall,AHALL0150G,F
BDEPT006F2,2782,1303,F2,45 Francis,HALL,Hallway Intersection 31,BDEPT00602,F
BHALL001F2,2238,902,F2,45 Francis,HALL,Hallway Intersection 1 Level 2,BHALL00102,F
BHALL002F2,2279,902,F2,45 Francis,HALL,Hallway Intersection 2 Level 2,BHALL00202,F
BHALL003F2,2238,1028,F2,45 Francis,HALL,Hallway Intersection 3 Level 2,BHALL00302,F
BHALL004F2,2246,1280,F2,45 Francis,HALL,Hallway Intersection 4 Level 2,BHALL00402,F
BHALL005F2,2385,902,F2,45 Francis,HALL,Hallway Intersection 5 Level 2,BHALL00502,F
BHALL006F2,2605,902,F2,45 Francis,HALL,Hallway Intersection 6 Level 2,BHALL00602,F
BHALL007F2,2672,902,F2,45 Francis,HALL,Hallway Intersection 7 Level 2,BHALL00702,F
BHALL008F2,2605,783,F2,45 Francis,HALL,Hallway Intersection 8 Level 2,BHALL00802,F
BHALL009F2,2330,590,F2,45 Francis,HALL,Hallway Intersection 9 Level 2,BHALL00902,F
BHALL010F2,2713,902,F2,45 Francis,HALL,Hallway Intersection 10 Level 2,BHALL01002,F
BHALL011F2,2912,903,F2,45 Francis,HALL,Hallway Intersection 11 Level 2,BHALL01102,F
BHALL012F2,2945,902,F2,45 Francis,HALL,Hallway Intersection 12 Level 2,BHALL01202,F
BHALL013F2,3135,890,F2,45 Francis,HALL,Hallway Intersection 13 Level 2,BHALL01302,F
BHALL014F2,3296,880,F2,45 Francis,HALL,Hallway Intersection 14 Level 2,BHALL01402,F
BHALL015F2,2672,820,F2,45 Francis,HALL,Hallway Intersection 15 Level 2,BHALL01502,F
BHALL016F2,2721,750,F2,45 Francis,HALL,Hallway Intersection 16 Level 2,BHALL01602,F
BHALL017F2,2945,710,F2,45 Francis,HALL,Hallway Intersection 17 Level 2,BHALL01702,F
BHALL018F2,2610,953,F2,45 Francis,HALL,Hallway Intersection 18 Level 2,BHALL01802,F
BHALL019F2,2678,1032,F2,45 Francis,HALL,Hallway Intersection 19 Level 2,BHALL01902,F
BHALL020F2,2761,1032,F2,45 Francis,HALL,Hallway Intersection 20 Level 2,BHALL02002,F
BHALL021F2,2841,1032,F2,45 Francis,HALL,Hallway Intersection 21 Level 2,BHALL02102,F
BHALL022F2,2900,985,F2,45 Francis,HALL,Hallway Intersection 22 Level 2,BHALL02202,F
BHALL023F2,2912,963,F2,45 Francis,HALL,Hallway Intersection 23 Level 2,BHALL02302,F
BHALL025F2,3163,945,F2,45 Francis,HALL,Hallway Intersection 25 Level 2,BHALL02502,F
BHALL026F2,3296,945,F2,45 Francis,HALL,Hallway Intersection 26 Level 2,BHALL02602,F
BHALL027F2,3296,1043,F2,45 Francis,HALL,Hallway Intersection 27 Level 2,BHALL02702,F
BHALL028F2,3063,1043,F2,45 Francis,HALL,Hallway Intersection 28 Level 2,BHALL02802,F
BHALL029F2,2782,1091,F2,45 Francis,HALL,Hallway Intersection 29 Level 2,BHALL02902,F
BHALL030F2,2782,1165,F2,45 Francis,HALL,Hallway Intersection 30 Level 2,BHALL03002,F
BHALL031F2,2554,1280,F2,45 Francis,HALL,Hallway Intersection 31 Level 2,BHALL03102,F
BHALL032F2,2554,1472,F2,45 Francis,HALL,Hallway Intersection 32 Level 2,BHALL03202,F
BHALL033F2,2782,1280,F2,45 Francis,HALL,Hallway Intersection 33 Level 2,BHALL03302,F
BHALL034F2,2166,1028,F2,45 Francis,HALL,Hallway Intersection 34 Level 2,BHALL03402,F
BHALL035F2,2246,1028,F2,45 Francis,HALL,Hallway Intersection 35 Level 2,BHALL03502,F
BHALL036F2,2279,762,F2,45 Francis,HALL,Hallway Intersection 36 Level 2,BHALL03602,F
BHALL037F2,2322,641,F2,45 Francis,HALL,Hallway Intersection 37 Level 2,BHALL03702,F
BHALL038F2,2279,786,F2,45 Francis,HALL,Hallway Intersection 38 Level 2,BHALL03802,F
BHALL041F2,2678,1067,F2,45 Francis,HALL,Hallway Intersection 41 Level 2,BHALL04102,F
BHALL042F2,2761,1067,F2,45 Francis,HALL,Hallway Intersection 42 Level 2,BHALL04202,F
BHALL043F2,2782,1067,F2,45 Francis,HALL,Hallway Intersection 43 level 2,BHALL04302,F
BHALL044F2,3063,963,F2,45 Francis,HALL,Hallway Intersection 44 Level 2,BHALL04402,F
CHALL001L1,1732,924,L1,Tower,HALL,Hallway 1 Floor L1,CHALL001L1,F
CHALL001L2,2360,854,L2,45 Francis,HALL,Hallway K Elevator Floor L2,CHALL001L2,F
CHALL002L1,2445,1043,L1,45 Francis,HALL,Hallway 2 Floor L1,CHALL002L1,F
CHALL002L2,2270,904,L2,45 Francis,HALL,Hallway 2 Floor L2,CHALL002L2,F
CHALL003L1,2445,1284,L1,45 Francis,HALL,Hallway 3 Floor L1,CHALL003L1,F
CHALL003L2,2215,904,L2,45 Francis,HALL,Hallway 3 Floor L2,CHALL003L2,F
CHALL004L1,2770,1070,L1,45 Francis,HALL,Hallway 4 Floor L1,CHALL004L1,F
CHALL004L2,2130,904,L2,45 Francis,HALL,Hallway 4 Floor L2,CHALL004L2,F
CHALL005L1,1750,1284,L1,Tower,HALL,Hallway 5 Floor L1,CHALL005L1,F
CHALL005L2,1745,1280,L2,Tower,HALL,Hallway 5 Floor L2,CHALL005L2,F
CHALL006L1,2130,1284,L1,Tower,HALL,Hallway 6 Floor L1,CHALL006L1,F
CHALL006L2,1745,1009,L2,Tower,HALL,Hallway 6 Floor L2,CHALL006L2,F
CHALL007L1,2130,1045,L1,Tower,HALL,Hallway 7 Floor L1,CHALL007L1,F
CHALL007L2,1730,1009,L2,Tower,HALL,Hallway 7 Floor L2,CHALL007L2,F
CHALL008L1,2215,1045,L1,45 Francis,HALL,Hallway 8 Floor L1,CHALL008L1,F
CHALL008L2,1730,924,L2,Tower,HALL,Hallway 8 Floor L2,CHALL008L2,F
CHALL009L1,2220,904,L1,45 Francis,HALL,Hallway 9 Floor L1,CHALL009L1,F
CHALL009L2,1730,849,L2,Tower,HALL,Hallway 9 Floor L2,CHALL009L2,F
CHALL010L1,2265,904,L1,45 Francis,HALL,Hallway 10 Floor L1,CHALL010L1,F
CHALL010L2,2130,849,L2,Tower,HALL,Hallway 10 Floor L2,CHALL010L2,F
CHALL011L1,2360,849,L1,45 Francis,HALL,Hallway 11 Floor L1,CHALL011L1,F
CHALL012L1,2130,904,L1,45 Francis,HALL,Hallway 12 Floor L1,CHALL012L1,F
CHALL013L1,2130,844,L1,45 Francis,HALL,Hallway 13 Floor L1,CHALL013L1,F
CHALL014L1,1845,924,L1,Tower,HALL,Hallway 14 Floor L1,CHALL014L1,F
CHALL015L1,2300,849,L1,45 Francis,HALL,Hallway 15 Floor L1,CHALL015L1,F
DHALL001F2,4770,1140,F2,15 Francis,HALL,Hallway 1 Floor 2,DHALL00102,F
DHALL002F2,4750,1080,F2,15 Francis,HALL,Hallway 2 Floor 2,DHALL00202,F
DHALL003F2,4725,995,F2,15 Francis,HALL,Hallway 3 Floor 2,DHALL00302,F
DHALL004F2,4785,975,F2,15 Francis,HALL,Hallway 4 Floor 2,DHALL00402,F
DHALL005F2,4705,925,F2,15 Francis,HALL,Hallway 5 Floor 2,DHALL00502,F
DHALL006F2,4690,870,F2,15 Francis,HALL,Hallway 6 Floor 2,DHALL00602,F
DHALL007F2,4675,820,F2,15 Francis,HALL,Hallway 7 Floor 2,DHALL00702,F
DHALL008F2,4660,770,F2,15 Francis,HALL,Hallway 8 Floor 2,DHALL00802,F
DHALL009F2,4635,680,F2,15 Francis,HALL,Hallway 9 Floor 2,DHALL00902,F
DHALL010F2,4625,650,F2,15 Francis,HALL,Hallway 10 Floor 2,DHALL01002,F
DHALL011F2,4605,655,F2,15 Francis,HALL,Hallway 11 Floor 2,DHALL01102,F
DHALL012F2,4570,555,F2,15 Francis,HALL,Hallway 12 Floor 2,DHALL01202,F
DHALL013F2,4545,460,F2,15 Francis,HALL,Hallway 13 Floor 2,DHALL01302,F
DHALL014F2,4570,455,F2,15 Francis,HALL,Hallway 14 Floor 2,DHALL01402,F
DHALL015F2,4555,390,F2,15 Francis,HALL,Hallway 15 Floor 2,DHALL01502,F
DHALL016F2,4480,580,F2,15 Francis,HALL,Hallway 16 Floor 2,DHALL01602,F
DHALL017F2,4390,605,F2,15 Francis,HALL,Hallway 17 Floor 2,DHALL01702,F
DHALL018F2,4385,585,F2,15 Francis,HALL,Hallway 18 Floor 2,DHALL01802,F
DHALL019F2,4340,625,F2,15 Francis,HALL,Hallway 19 Floor 2,DHALL01902,F
DHALL020F2,4310,585,F2,15 Francis,HALL,Hallway 20 Floor 2,DHALL02002,F
DHALL021F2,4295,530,F2,15 Francis,HALL,Hallway 21 Floor 2,DHALL02102,F
DHALL022F2,4280,475,F2,15 Francis,HALL,Hallway 22 Floor 2,DHALL02202,F
DHALL023F2,4270,440,F2,15 Francis,HALL,Hallway 23 Floor 2,DHALL02302,F
DHALL024F2,4280,435,F2,15 Francis,HALL,Hallway 24 Floor 2,DHALL02402,F
DHALL025F2,4290,470,F2,15 Francis,HALL,Hallway 25 Floor 2,DHALL02502,F
DHALL026F2,4270,650,F2,15 Francis,HALL,Hallway 26 Floor 2,DHALL02602,F
DHALL027F2,4285,715,F2,15 Francis,HALL,Hallway 27 Floor 2,DHALL02702,F
DHALL028F2,4220,660,F2,15 Francis,HALL,Hallway 28 Floor 2,DHALL02802,F
DHALL029F2,4185,665,F2,15 Francis,HALL,Hallway 29 Floor 2,DHALL02902,F
DHALL030F2,4140,680,F2,15 Francis,HALL,Hallway 30 Floor 2,DHALL03002,F
DHALL031F2,4130,650,F2,15 Francis,HALL,Hallway 31 Floor 2,DHALL03102,F
DHALL032F2,4020,715,F2,15 Francis,HALL,Hallway 32 Floor 2,DHALL03202,F
DHALL033F2,4000,645,F2,15 Francis,HALL,Hallway 33 Floor 2,DHALL03302,F
DHALL034F2,3925,740,F2,15 Francis,HALL,Hallway 34 Floor 2,DHALL03402,F
DHALL035F2,3945,790,F2,15 Francis,HALL,Hallway 35 Floor 2,DHALL03502,F
DHALL036F2,3955,830,F2,15 Francis,HALL,Hallway 36 Floor 2,DHALL03602,F
DHALL037F2,3965,860,F2,15 Francis,HALL,Hallway 37 Floor 2,DHALL03702,F
DHALL038F2,3970,880,F2,15 Francis,HALL,Hallway 38 Floor 2,DHALL03802,F
DHALL039F2,3980,910,F2,15 Francis,HALL,Hallway 39 Floor 2,DHALL03902,F
DHALL040F2,3910,685,F2,15 Francis,HALL,Hallway 40 Floor 2,DHALL04002,F
DHALL041F2,3875,560,F2,15 Francis,HALL,Hallway 41 Floor 2,DHALL04102,F
DHALL042F2,3870,540,F2,15 Francis,HALL,Hallway 42 Floor 2,DHALL04202,F
DHALL043F2,3865,750,F2,15 Francis,HALL,Hallway 43 Floor 2,DHALL04302,F
DHALL044F2,3860,725,F2,15 Francis,HALL,Hallway 44 Floor 2,DHALL04402,F
DHALL045F2,3775,745,F2,15 Francis,HALL,Hallway 45 Floor 2,DHALL04502,F
DHALL046F2,3825,760,F2,15 Francis,HALL,Hallway 46 Floor 2,DHALL04602,F
DHALL047F2,3745,780,F2,15 Francis,HALL,Hallway 47 Floor 2,DHALL04702,F
DHALL048F2,3655,805,F2,15 Francis,HALL,Hallway 48 Floor 2,DHALL04802,F
DHALL049F2,3645,775,F2,15 Francis,HALL,Hallway 49 Floor 2,DHALL04902,F
DHALL050F2,3630,810,F2,15 Francis,HALL,Hallway 50 Floor 2,DHALL05002,F
DHALL051F2,3575,825,F2,15 Francis,HALL,Hallway 51 Floor 2,DHALL05102,F
DHALL052F2,3555,730,F2,15 Francis,HALL,Hallway 52 Floor 2,DHALL05202,F
DHALL053F2,3525,840,F2,15 Francis,HALL,Hallway 53 Floor 2,DHALL05302,F
DHALL054F2,3490,845,F2,15 Francis,HALL,Hallway 54 Floor 2,DHALL05402,F
DHALL055F2,3450,850,F2,15 Francis,HALL,Hallway 55 Floor 2,DHALL05502,F
DHALL056F2,3440,800,F2,15 Francis,HALL,Hallway 56 Floor 2,DHALL05602,F
DHALL057F2,3480,790,F2,15 Francis,HALL,Hallway 57 Floor 2,DHALL05702,F
DHALL058F2,3510,790,F2,15 Francis,HALL,Hallway 58 Floor 2,DHALL05802,F
DHALL059F2,3420,850,F2,15 Francis,HALL,Hallway 59 Floor 2,DHALL05902,F
DHALL060F2,4330,580,F2,15 Francis,HALL,Hallway 60 Floor 2,DHALL06002,F
EHALL003F1,2240,910,F1,45 Francis,HALL,Hallway Node 1 Floor 1,EHALL00301,F
EHALL004F1,2275,910,F1,45 Francis,HALL,Hallway Node 2 Floor 1,EHALL00401,F
EHALL005F1,2290,910,F1,45 Francis,HALL,Hallway Node 3 Floor 1,EHALL00501,F
EHALL006F1,2385,910,F1,45 Francis,HALL,Hallway Node 4 Floor 1,EHALL00601,F
EHALL007F1,2385,860,F1,45 Francis,HALL,Hallway Node 5 Floor 1,EHALL00701,F
EHALL008F1,2460,910,F1,45 Francis,HALL,Hallway Node 6 Floor 1,EHALL00801,F
EHALL009F1,2585,910,F1,45 Francis,HALL,Hallway Node 7 Floor 1,EHALL00901,F
EHALL010F1,2585,890,F1,45 Francis,HALL,Hallway Node 8 Floor 1,EHALL01001,F
EHALL011F1,2610,910,F1,45 Francis,HALL,Hallway Node 9 Floor 1,EHALL01101,F
EHALL012F1,2610,954,F1,45 Francis,HALL,Hallway Node 10 Floor 1,EHALL01201,F
EHALL013F1,2660,954,F1,45 Francis,HALL,Hallway Node 11 Floor 1,EHALL01301,F
EHALL014F1,2660,979,F1,45 Francis,HALL,Hallway Node 12 Floor 1,EHALL01401,F
EHALL015F1,2675,910,F1,45 Francis,HALL,Hallway Node 13 Floor 1,EHALL01501,F
EHALL016F1,2910,910,F1,45 Francis,HALL,Hallway Node 14 Floor 1,EHALL01601,F
EHALL017F1,2910,907,F1,45 Francis,HALL,Hallway Node 15 Floor 1,EHALL01701,F
EHALL018F1,2925,910,F1,45 Francis,HALL,Hallway Node 16 Floor 1,EHALL01801,F
EHALL019F1,2960,900,F1,45 Francis,HALL,Hallway Node 17 Floor 1,EHALL01901,F
EHALL020F1,2950,745,F1,45 Francis,HALL,Hallway Node 18 Floor 1,EHALL02001,F
EHALL021F1,3230,880,F1,45 Francis,HALL,Hallway Node 19 Floor 1,EHALL02101,F
EHALL022F1,3270,875,F1,45 Francis,HALL,Hallway Node 20 Floor 1,EHALL02201,F
EHALL023F1,3325,870,F1,45 Francis,HALL,Hallway Node 21 Floor 1,EHALL02301,F
EHALL024F1,2770,1010,F1,45 Francis,HALL,Hallway Node 22 Floor 1,EHALL02401,F
EHALL025F1,2925,980,F1,45 Francis,HALL,Hallway Node 23 Floor 1,EHALL02501,F
EHALL026F1,3085,980,F1,45 Francis,HALL,Hallway Node 24 Floor 1,EHALL02601,F
EHALL027F1,3085,1000,F1,45 Francis,HALL,Hallway Node 25 Floor 1,EHALL02701,F
EHALL028F1,2925,1050,F1,45 Francis,HALL,Hallway Node 26 Floor 1,EHALL02801,F
EHALL029F1,2770,1070,F1,45 Francis,HALL,Hallway Node 27 Floor 1,EHALL02901,F
EHALL030F1,2790,1070,F1,45 Francis,HALL,Hallway Node 28 Floor 1,EHALL03001,F
EHALL031F1,2790,1460,F1,45 Francis,HALL,Hallway Node 29 Floor 1,EHALL03101,F
EHALL032F1,2670,1380,F1,45 Francis,HALL,Hallway Node 30 Floor 1,EHALL03201,F
EHALL033F1,2605,1380,F1,45 Francis,HALL,Hallway Node 31 Floor 1,EHALL03301,F
EHALL034F1,2835,1460,F1,45 Francis,HALL,Hallway Node 32 Floor 1,EHALL03401,F
EHALL035F1,2760,1460,F1,45 Francis,HALL,Hallway Node 33 Floor 1,EHALL03501,F
EHALL036F1,2760,1405,F1,45 Francis,HALL,Hallway Node 34 Floor 1,EHALL03601,F
FHALL001F1,2055,910,F1,Tower,HALL,Lower Pike Hallway Exit Lobby,FHALL00101,F
FHALL002F1,2026,910,F1,Tower,HALL,Lobby Shattuck Street,FHALL00201,F
FHALL003F1,2017,910,F1,Tower,HALL,Shattuck Street Lobby 1,FHALL00301,F
FHALL004F1,1973,910,F1,Tower,HALL,Shattuck Street Lobby 2,FHALL00401,F
FHALL005F1,1950,910,F1,Tower,HALL,Shattuck Street Lobby 3,FHALL00501,F
FHALL006F1,1869,930,F1,Tower,HALL,Tower Lobby Entrance 1,FHALL00601,F
FHALL007F1,1758,930,F1,Tower,HALL,Tower Elevator Entrance,FHALL00701,F
FHALL008F1,1758,850,F1,Tower,HALL,Tower Hallway 1,FHALL00801,F
FHALL009F1,1627,850,F1,Tower,HALL,Tower Hallway 2,FHALL00901,F
FHALL010F1,1627,802,F1,Tower,HALL,Tower Hallway 3,FHALL01001,F
FHALL011F1,1627,930,F1,Tower,HALL,Tower Hallway 4,FHALL01101,F
FHALL012F1,1548,930,F1,Tower,HALL,Tower Staff Entrance,FHALL01201,F
FHALL013F1,1627,825,F1,Tower,HALL,Tower Hallway 5,FHALL01301,F
FHALL014F1,1627,1029,F1,Tower,HALL,Tower Hallway 6,FHALL01401,F
FHALL015F1,1627,1060,F1,Tower,HALL,Tower Hallway 7,FHALL01501,F
FHALL016F1,1758,1060,F1,Tower,HALL,Tower Hallway 8,FHALL01601,F
FHALL017F1,1721,956,F1,Tower,HALL,Tower Hallway 9,FHALL01701,F
FHALL018F1,1758,956,F1,Tower,HALL,Tower Hallway 10,FHALL01801,F
FHALL019F1,1758,1120,F1,Tower,HALL,Tower Hallway 11,FHALL01901,F
FHALL020F1,1700,1120,F1,Tower,HALL,Tower Hallway 12,FHALL02001,F
FHALL021F1,1769,1146,F1,Tower,HALL,Tower Hallway Entrance,FHALL02101,F
FHALL022F1,1769,1280,F1,Tower,HALL,Hallway Lobby Entrance,FHALL02201,F
FHALL023F1,1845,1280,F1,Tower,HALL,Lobby Hallway 1,FHALL02301,F
FHALL024F1,1965,1280,F1,Tower,HALL,Lobby Hallway 2,FHALL02401,F
FHALL025F1,1965,1239,F1,Tower,HALL,Lobby Hallway 3,FHALL02501,F
FHALL026F1,2026,1239,F1,Tower,HALL,Lobby Hallway 4,FHALL02601,F
FHALL027F1,2066,1239,F1,Tower,HALL,Lobby Hallway 7,FHALL02701,F
FHALL028F1,1748,1280,F1,Tower,HALL,Lobby Entrance Hallway,FHALL02801,F
FHALL029F1,1700,1280,F1,Tower,HALL,75 Lobby,FHALL02901,F
FHALL030F1,1645,1246,F1,Tower,HALL,Lobby Hallway 5,FHALL03001,F
FHALL031F1,2026,976,F1,Tower,HALL,Lobby Hallway 6,FHALL03101,F
FHALL032F1,1758,1029,F1,Tower,HALL,Tower Hallway 13,FHALL03201,F
FHALL033F1,2066,1282,F1,Tower,HALL,Emergency Hallway,FHALL03301,F
GHALL001F2,1170,1780,F2,Shapiro,HALL,Hall Node 1 Floor 2,GHALL00102,F
GHALL001F3,1562,2230,F3,Shapiro,HALL,Hallway Node 1 Floor 3,GHALL00103,F
GHALL001L2,1730,1584,L2,Shapiro,HALL,Hallway MapNode 1 Floor L2,GHALL001L2,F
GHALL002F1,1722,1832,F1,Shapiro,HALL,Hallway MapNode 2 Floor 1,GHALL00201,F
GHALL002F2,1168,1820,F2,Shapiro,HALL,Hall Node 2 Floor 2,GHALL00202,F
GHALL002F3,1580,2230,F3,Shapiro,HALL,Hallway Node 2 Floor 3,GHALL00203,F
GHALL002L1,1702,2167,L1,Shapiro,HALL,Hallway MapNode 2 Floor L1,GHALL002L1,F
GHALL003F1,1705,1831,F1,Shapiro,HALL,Hallway MapNode 3 Floor 1,GHALL00301,F
GHALL003F2,1231,1781,F2,Shapiro,HALL,Hall Node 3 Floor 2,GHALL00302,F
GHALL003F3,1580,2180,F3,Shapiro,HALL,Hallway Node 3 Floor 3,GHALL00303,F
GHALL003L1,1688,2167,L1,Shapiro,HALL,Hallway MapNode 3 Floor L1,GHALL003L1,F
GHALL004F2,1230,1820,F2,Shapiro,HALL,Hall Node 4 Floor 2,GHALL00402,F
GHALL004L1,1666,2167,L1,Shapiro,HALL,Hallway MapNode 4 Floor L1,GHALL004L1,F
GHALL005F2,1283,1781,F2,Shapiro,HALL,Hall Node 5 Floor 2,GHALL00502,F
GHALL005L1,1688,2131,L1,Shapiro,HALL,Hallway MapNode 5 Floor L1,GHALL005L1,F
GHALL005L2,1642,2089,L2,Shapiro,HALL,Hallway MapNode 5 Floor L2,GHALL005L2,F
GHALL006F1,1707,2015,F1,Shapiro,HALL,Hallway MapNode 6 Floor 1,GHALL00601,F
GHALL006F3,1685,2142,F3,Shapiro,HALL,Hallway Node 6 Floor 3,GHALL00603,F
GHALL006L1,1665,2116,L1,Shapiro,HALL,Hallway MapNode 6 Floor L1,GHALL006L1,F
GHALL007F1,1708,2092,F1,Shapiro,HALL,Hallway MapNode 7 Floor 1,GHALL00701,F
GHALL007F3,1685,2230,F3,Shapiro,HALL,Hallway Node 7 Floor 3,GHALL00703,F
GHALL007L2,1578,2089,L2,Shapiro,HALL,Hallway MapNode 7 Floor L2,GHALL007L2,F
GHALL008F1,1707,2152,F1,Shapiro,HALL,Hallway MapNode 8 Floor 1,GHALL00801,F
GHALL008F3,1685,2106,F3,Shapiro,HALL,Hallway Node 8 Floor 3,GHALL00803,F
GHALL008L2,1577,2195,L2,Shapiro,HALL,Hallway MapNode 8 Floor L2,GHALL008L2,F
GHALL009F1,1707,2164,F1,Shapiro,HALL,Hallway MapNode 9 Floor 1,GHALL00901,F
GHALL009L2,1578,2031,L2,Shapiro,HALL,Hallway MapNode 9 Floor L2,GHALL009L2,F
GHALL010F1,1673,2165,F1,Shapiro,HALL,Hallway MapNode 10 Floor 1,GHALL01001,F
GHALL010F2,1340,1820,F2,Shapiro,HALL,Hall Node 10 Floor 2,GHALL01002,F
GHALL010F3,1580,2070,F3,Shapiro,HALL,Hallway Node 10 Floor 3,GHALL01003,F
GHALL010L2,1550,2031,L2,Shapiro,HALL,Hallway MapNode 10 Floor L2,GHALL010L2,F
GHALL011F2,1396,1781,F2,Shapiro,HALL,Hall Node 11 Floor 2,GHALL01102,F
GHALL011F3,1628,2070,F3,Shapiro,HALL,Hallway Node 11 Floor 3,GHALL01103,F
GHALL011L2,1550,1966,L2,Shapiro,HALL,Hallway MapNode 11 Floor L2,GHALL011L2,F
GHALL012F2,1395,1820,F2,Shapiro,HALL,Hall Node 12 Floor 2,GHALL01202,F
GHALL012L2,1512,1966,L2,Shapiro,HALL,Hallway MapNode 12 Floor L2,GHALL012L2,F
GHALL013F2,1450,1781,F2,Shapiro,HALL,Hall Node 13 Floor 2,GHALL01302,F
GHALL013F3,1580,2006,F3,Shapiro,HALL,Hallway Node 13 Floor 3,GHALL01303,F
GHALL013L2,1512,1909,L2,Shapiro,HALL,Hallway MapNode 13 Floor L2,GHALL013L2,F
GHALL014F1,1749,2151,F1,Shapiro,HALL,Hallway MapNode 14 Floor 1,GHALL01401,F
GHALL014F2,1450,1820,F2,Shapiro,HALL,Hall Node 14 Floor 2,GHALL01402,F
GHALL015F1,1749,2224,F1,Shapiro,HALL,Hallway MapNode 15 Floor 1,GHALL01501,F
GHALL015F2,1502,1781,F2,Shapiro,HALL,Hall Node 15 Floor 2,GHALL01502,F
GHALL016F1,1689,2225,F1,Shapiro,HALL,Hallway MapNode 16 Floor 1,GHALL01601,F
GHALL016F2,1502,1820,F2,Shapiro,HALL,Hall Node 16 Floor 2,GHALL01602,F
GHALL016L2,1512,1701,L2,Shapiro,HALL,Hallway MapNode 16 Floor L2,GHALL016L2,F
GHALL017F1,1605,2093,F1,Shapiro,HALL,Hallway MapNode 17 Floor 1,GHALL01701,F
GHALL017F2,1578,1820,F2,Shapiro,HALL,Hall Node 17 (Exit?) Floor 2,GHALL01702,F
GHALL017L2,1512,1539,L2,Shapiro,HALL,Hallway MapNode 17 Floor L2,GHALL017L2,F
GHALL018F2,1630,1801,F2,Shapiro,HALL,Hall Node 18 Floor 2,GHALL01802,F
GHALL020F2,1684,1801,F2,Shapiro,HALL,Hall Node 20 Floor 2,GHALL02002,F
GHALL021F1,1600,1830,F1,Shapiro,HALL,Hallway MapNode 21 Floor 1,GHALL02101,F
GHALL021F2,1683,1821,F2,Shapiro,HALL,Hall Node 21 Floor 2,GHALL02102,F
GHALL022F1,1601,1866,F1,Shapiro,HALL,Hallway MapNode 22 Floor 1,GHALL02201,F
GHALL022F2,1720,1801,F2,Shapiro,HALL,Hall Node 22 Floor 2,GHALL02202,F
GHALL023F2,1726,1835,F2,Shapiro,HALL,Hall Node 23 Floor 2,GHALL02302,F
GHALL024F1,1602,1928,F1,Shapiro,HALL,Hallway MapNode 24 Floor 1,GHALL02401,F
GHALL027F2,1726,1930,F2,Shapiro,HALL,Hall Node 27 Floor 2,GHALL02702,F
GHALL028F1,1270,1830,F1,Shapiro,HALL,Hallway MapNode 28 Floor 1,GHALL02801,F
GHALL029F1,1262,1850,F1,Shapiro,HALL,Hallway MapNode 29 Floor 1,GHALL02901,F
GHALL029F2,1728,2042,F2,Shapiro,HALL,Hall Node 29 Floor 2,GHALL02902,F
GHALL030F1,1256,1858,F1,Shapiro,HALL,Hallway MapNode 30 Floor 1,GHALL03001,F
GHALL030F2,1580,2090,F2,Shapiro,HALL,Hall Node 30 Floor 2,GHALL03002,F
GHALL031F1,1227,1859,F1,Shapiro,HALL,Hallway MapNode 31 Floor 1,GHALL03101,F
GHALL032F2,1684,2091,F2,Shapiro,HALL,Hall Node 32 Floor 2,GHALL03202,F
GHALL033F1,1255,1872,F1,Shapiro,HALL,Hallway MapNode 33 Floor 1,GHALL03301,F
GHALL033F2,1692,2124,F2,Shapiro,HALL,Hall Node 33 Floor 2,GHALL03302,F
GHALL034F1,1284,1872,F1,Shapiro,HALL,Hallway MapNode 34 Floor 1,GHALL03401,F
GHALL034F2,1724,2123,F2,Shapiro,HALL,Hall Node 34 Floor 2,GHALL03402,F
GHALL036F2,1580,2208,F2,Shapiro,HALL,Hall Node 36 Floor 2,GHALL03602,F
GHALL037F2,1692,2211,F2,Shapiro,HALL,Hall Node 37 Floor 2,GHALL03702,F
GHALL038F2,1726,2210,F2,Shapiro,HALL,Hall Node 38 Floor 2,GHALL03802,F
HHALL001F2,1875,925,F2,Tower,HALL,Hallway Connector 1,HHALL00102,F
HHALL001F3,1325,655,F3,Tower,HALL,Hallway Connector 1,HHALL00103,F
HHALL002F2,1955,900,F2,Tower,HALL,Hallway Connector 2,HHALL00202,F
HHALL002F3,1235,985,F3,Tower,HALL,Hallway Connector 2,HHALL00203,F
HHALL003F2,2035,900,F2,Tower,HALL,Hallway Connector 3,HHALL00302,F
HHALL003F3,1325,985,F3,Tower,HALL,Hallway Connector 3,HHALL00303,F
HHALL004F2,1875,1025,F2,Tower,HALL,Hallway Connector 4,HHALL00402,F
HHALL004F3,1325,1290,F3,Tower,HALL,Hallway Connector 4,HHALL00403,F
HHALL005F2,1825,1025,F2,Tower,HALL,Hallway Connector 5,HHALL00502,F
HHALL005F3,1680,1290,F3,Tower,HALL,Hallway Connector 5,HHALL00503,F
HHALL006F2,1775,1080,F2,Tower,HALL,Hallway Connector 6,HHALL00602,F
HHALL006F3,1735,925,F3,Tower,HALL,Hallway Connector 6,HHALL00603,F
HHALL007F2,1740,1165,F2,Tower,HALL,Hallway Connector 7,HHALL00702,F
HHALL007F3,1735,900,F3,Tower,HALL,Hallway Connector 7,HHALL00703,F
HHALL008F2,1740,1230,F2,Tower,HALL,Hallway Connector 8,HHALL00802,F
HHALL008F3,1735,865,F3,Tower,HALL,Hallway Connector 8,HHALL00803,F
HHALL009F2,1740,1280,F2,Tower,HALL,Hallway Connector 9,HHALL00902,F
HHALL009F3,1735,820,F3,Tower,HALL,Hallway Connector 9,HHALL00903,F
HHALL010F2,2055,1280,F2,Tower,HALL,Hallway Connector 10,HHALL01002,F
HHALL010F3,1785,820,F3,Tower,HALL,Hallway Connector 10,HHALL01003,F
HHALL011F3,1690,820,F3,Tower,HALL,Hallway Connector 11,HHALL01103,F
HHALL012F3,1600,820,F3,Tower,HALL,Hallway Connector 12,HHALL01203,F
HHALL013F3,1600,1030,F3,Tower,HALL,Hallway Connector 13,HHALL01303,F
HHALL014F3,1735,1030,F3,Tower,HALL,Hallway Connector 14,HHALL01403,F
HHALL015F3,1735,985,F3,Tower,HALL,Hallway Connector 15,HHALL01503,F
IHALL001F3,2255,1290,F3,45 Francis,HALL,Hallway Node 1,IHALL00103,F
IHALL002F3,2323,1290,F3,45 Francis,HALL,Hallway Node 2,IHALL00203,F
IHALL003F3,2448,1290,F3,45 Francis,HALL,Hallway Node 3,IHALL00303,F
IHALL004F3,2570,1290,F3,45 Francis,HALL,Hallway Node 4,IHALL00403,F
IHALL005F3,2730,1290,F3,45 Francis,HALL,Hallway Node 5,IHALL00503,F
IHALL006F3,2772,1290,F3,45 Francis,HALL,Hallway Node 6,IHALL00603,F
IHALL007F3,2772,1227,F3,45 Francis,HALL,Hallway Node 7,IHALL00703,F
IHALL008F3,2772,1147,F3,45 Francis,HALL,Hallway Node 8,IHALL00803,F
IHALL009F3,2649,1075,F3,45 Francis,HALL,Hallway Node 9,IHALL00903,F
IHALL010F3,2772,1075,F3,45 Francis,HALL,Hallway Node 10,IHALL01003,F
IHALL011F3,2922,1075,F3,45 Francis,HALL,Hallway Node 11,IHALL01103,F
IHALL012F3,2220,1034,F3,45 Francis,HALL,Hallway Node 12,IHALL01203,F
IHALL013F3,2323,1034,F3,45 Francis,HALL,Hallway Node 13,IHALL01303,F
IHALL014F3,2323,993,F3,45 Francis,HALL,Hallway Node 14,IHALL01403,F
IHALL015F3,2220,944,F3,45 Francis,HALL,Hallway Node 15,IHALL01503,F
IHALL016F3,2252,851,F3,45 Francis,HALL,Hallway Node 16,IHALL01603,F
IHALL017F3,2323,851,F3,45 Francis,HALL,Hallway Node 17,IHALL01703,F
IHALL018F3,2362,851,F3,45 Francis,HALL,Hallway Node 18,IHALL01803,F
IHALL019F3,2492,851,F3,45 Francis,HALL,Hallway Node 19,IHALL01903,F
IHALL020F3,2597,851,F3,45 Francis,HALL,Hallway Node 20,IHALL02003,F
IHALL022F3,2362,764,F3,45 Francis,HALL,Hallway Node 22,IHALL02203,F
PHALL001F2,4300,630,F2,45 Francis,HALL,Kiosk,PHALL00102,F
WHALL001F1,2160,910,F1,45 Francis,HALL,Hallway Connector 1 Floor 1,WHALL00101,F
WHALL001F2,3345,865,F2,45 Francis,HALL,Hallway Connector 1 Floor 2,WHALL00102,F
WHALL001F3,2060,1290,F3,45 Francis,HALL,Hallway Connector 1 Floor 3,WHALL00103,F
WHALL001L2,1745,1524,L2,Tower,HALL,Hallway Connector 1 Floor L2,WHALL001L2,F
WHALL002F1,2175,910,F1,45 Francis,HALL,Hallway Connector 2 Floor 1,WHALL00201,F
WHALL002F2,3360,860,F2,15 Francis,HALL,Hallway Connector 2 Floor 2,WHALL00202,F
WHALL002F3,2080,1290,F3,45 Francis,HALL,Hallway Connector 2 Floor 3,WHALL00203,F
WHALL002L2,1745,1539,L2,Shapiro,HALL,Hallway Connector 2 Floor L2,WHALL002L2,F
WHALL003F2,2085,900,F2,45 Francis,HALL,Hallway Connector 3 Floor 2,WHALL00302,F
WHALL004F2,2105,900,F2,45 Francis,HALL,Hallway Connector 4 Floor 2,WHALL00402,F
WHALL005F2,2085,1280,F2,45 Francis,HALL,Hallway Connector 5 Floor 2,WHALL00502,F
WHALL006F2,2105,1280,F2,45 Francis,HALL,Hallway Connector 6 Floor 2,WHALL00602,F
WHALL007F2,1740,1500,F2,Tower,HALL,Hallway Connector 7 Floor 2,WHALL00702,F
WHALL008F2,1720,1745,F2,Shapiro,HALL,Hallway Connector 8 Floor 2,WHALL00802,F
WHALL009F2,1690,2240,F2,Shapiro,HALL,Hallway Connector 9 Floor 2,WHALL00902,F
WHALL010F2,1690,2455,F2,BTM,HALL,Hallway Connector 10 Floor 2,WHALL01002,F
AINFO0010G,1484,2710,G,BTM,INFO,BTM Security Desk,AINFO0010G,F
AINFO001L2,1681,2747,L2,BTM,INFO,BTM Security Desk,AINFO001L2,F
AINFO0020G,1699,2707,G,BTM,INFO,Information Desk,AINFO0020G,F
BINFO001F2,2962,963,F2,45 Francis,INFO,Information Desk,BINFO00102,F
BINFO002F2,3136,963,F2,45 Francis,INFO,Valet Service,BINFO00202,F
DINFO001F2,4210,630,F2,15 Francis,INFO,15 Francis Security Desk,DINFO00102,F
DINFO002F2,3490,825,F2,15 Francis,INFO,Security Desk Thorn,DINFO00202,F
EINFO001F1,2460,850,F1,45 Francis,INFO,Connors Center Security Desk,EINFO00101,F
FINFO001F1,1700,1226,F1,Tower,INFO,75 Lobby Information Desk,FINFO00101,F
GINFO019F2,1630,1821,F2,Shapiro,INFO,Shapiro Information Center,GINFO01902,F
ALABS001F3,1611,2678,F3,BTM,LABS,Innovation Hub,ALABS00103,F
ALABS001L2,1667,2682,L2,BTM,LABS,MRI CT Scan Imaging,ALABS001L2,F
ALABS002F3,1671,2695,F3,BTM,LABS,Clinical Trials,ALABS00203,F
BLABS001F2,2246,1350,F2,45 Francis,LABS,Vascular Diagnostic Lab,BLABS00102,F
BLABS002F2,2945,995,F2,45 Francis,LABS,Outpatient Specimen Collection,BLABS00202,F
CLABS001L1,1965,1284,L1,Tower,LABS,Outpatient Fluoroscopy,CLABS001L1,F
CLABS001L2,2300,854,L2,45 Francis,LABS,Radiation Oncology TX Suite,CLABS001L2,F
CLABS002L1,1750,1090,L1,Tower,LABS,Pre-Op PACU,CLABS002L1,F
CLABS002L2,2215,1280,L2,45 Francis,LABS,Radiation Oncology Lab,CLABS002L2,F
CLABS003L1,2290,1284,L1,45 Francis,LABS,Nuclear Medicine,CLABS003L1,F
CLABS004L1,2320,1284,L1,45 Francis,LABS,Ultrasound Lab,CLABS004L1,F
CLABS005L1,2770,1284,L1,45 Francis,LABS,CSIR MRI Lab,CLABS005L1,F
DLABS001F2,3830,775,F2,15 Francis,LABS,MRI Associates Lab,DLABS00102,F
ELABS001F1,3050,730,F1,45 Francis,LABS,Asthma Research Lab,ELABS00101,F
ELABS002F1,2790,1290,F1,45 Francis,LABS,Ambulatory X-Ray,ELABS00201,F
FLABS001F1,1845,1250,F1,Tower,LABS,Obstetrics Admitting,FLABS00101,F
GLABS003L2,1729,2089,L2,Shapiro,LABS,Cardiovascular Imaging Center,GLABS003L2,F
GLABS014L2,1512,1844,L2,Shapiro,LABS,Cardiac Stress Test Lab,GLABS014L2,F
GLABS015L2,1512,1811,L2,Shapiro,LABS,CVRR,GLABS015L2,F
HLABS001F3,1235,865,F3,Tower,LABS,Reproductive Endocrine Labs,HLABS00103,F
AREST001F1,1556,2604,F1,BTM,REST,Restroom,AREST00101,F
AREST001F3,1552,2854,F3,BTM,REST,Restroom BTM Conference Center,AREST00103,F
BREST001F2,2177,1010,F2,45 Francis,REST,Restroom,BREST00102,F
BREST002F2,2605,841,F2,45 Francis,REST,Restroom,BREST00202,F
BREST003F2,2225,1280,F2,45 Francis,REST,Restroom,BREST00302,F
BREST004F2,2554,1389,F2,45 Francis,REST,Restroom,BREST00402,F
BREST005F2,2782,1152,F2,45 Francis,REST,Restroom,BREST00502,F
CREST001L1,1732,1019,L1,Tower,REST,Restroom,CREST001L1,F
CREST001L2,2300,884,L2,45 Francis,REST,Restroom,CREST001L2,F
CREST002L1,2065,1284,L1,Tower,REST,Restroom,CREST002L1,F
CREST002L2,1930,1280,L2,45 Francis,REST,Restroom,CREST002L2,F
CREST003L1,2300,879,L1,45 Francis,REST,Restroom,CREST003L1,F
CREST004L1,2770,1160,L1,45 Francis,REST,Restroom,CREST004L1,F
DREST001F2,4125,625,F2,15 Francis,REST,Restroom,DREST00102,F
DREST002F2,3895,695,F2,15 Francis,REST,Restroom,DREST00202,F
DREST003F2,3635,830,F2,15 Francis,REST,Restroom,DREST00302,F
DREST004F2,3525,850,F2,15 Francis,REST,Restroom,DREST00402,F
EREST001F1,2950,730,F1,45 Francis,REST,Restroom,EREST00101,F
EREST002F1,2985,980,F1,45 Francis,REST,Restroom,EREST00201,F
EREST003F1,2790,1190,F1,45 Francis,REST,Restroom,EREST00301,F
FREST001F1,2091,976,F1,Tower,REST,Restroom,FREST00101,F
GREST004L2,1680,2090,L2,Shapiro,REST,Restroom,GREST004L2,F
GREST006F2,1284,1821,F2,Shapiro,REST,Restroom,GREST00602,F
GREST012F1,1671,2015,F1,Shapiro,REST,Restroom,GREST01201,F
GREST012F3,1628,2052,F3,Shapiro,REST,Restroom,GREST01203,F
GREST031F2,1628,2092,F2,Shapiro,REST,Restroom,GREST03102,F
GRETL035F1,1284,1884,F1,Shapiro,REST,Restroom,GRETL03501,F
IREST001F3,2255,1255,F3,45 Francis,REST,Restroom,IREST00103,F
IREST002F3,2570,1257,F3,45 Francis,REST,Restroom,IREST00203,F
IREST003F3,2745,1147,F3,45 Francis,REST,Restroom,IREST00303,F
IREST004F3,2300,1018,F3,45 Francis,REST,Restroom,IREST00403,F
IREST005F3,2277,995,F3,45 Francis,REST,Restroom,IREST00503,F
ARETL001F1,1619,2522,F1,BTM,RETL,Cafe,ARETL00101,F
CRETL001L1,2185,904,L1,45 Francis,RETL,Vending Machine,CRETL001L1,F
DRETL001F2,4270,480,F2,15 Francis,RETL,Pats Place,DRETL00102,F
FRETL001F1,1973,844,F1,Tower,RETL,Lobby Vending Machine,FRETL00101,F
FRETL002F1,1609,1246,F1,Tower,RETL,Au Bon Pain,FRETL00201,F
HRETL001F2,1935,860,F2,Tower,RETL,Garden Cafe,HRETL00102,F
HRETL002F2,1615,1025,F2,Tower,RETL,Vending Machine,HRETL00202,F
HRETL003F2,1825,1080,F2,Tower,RETL,Gift Shop Tower,HRETL00302,F
BSERV001F2,2853,1067,F2,45 Francis,SERV,Patient Financial Services,BSERV00102,F
CSERV001L1,2490,1043,L1,45 Francis,SERV,Volunteers Floor,CSERV001L1,F
CSERV001L2,2015,1280,L2,45 Francis,SERV,Interpreter Services,CSERV001L2,F
FSERV001F1,1950,871,F1,Tower,SERV,Shattuck Street Lobby ATM,FSERV00101,F
FSERV002F1,1605,1029,F1,Tower,SERV,Tower Medical Cashier,FSERV00201,F
FSERV003F1,1700,1158,F1,Tower,SERV,Kessler Library,FSERV00301,F
FSERV005F1,1645,1280,F1,Tower,SERV,75 Lobby Valet Cashier,FSERV00501,F
GSERV016F3,1580,1858,F3,Shapiro,SERV,The Porch,GSERV01603,F
GSERV023F1,1600,1895,F1,Shapiro,SERV,ATM,GSERV02301,F
HSERV001F3,1750,865,F3,Tower,SERV,Nursing Room,HSERV00103,F
ASTAI001F1,1642,2596,F1,BTM,STAI,Cafe Stairs,ASTAI00101,F
ASTAI001F2,1650,2602,F2,BTM,STAI,Stairs,ASTAI00102,F
ASTAI0010G,1622,2556,G,BTM,STAI,Schlagler Stairs,ASTAI0010G,F
BSTAI001F2,2177,902,F2,45 Francis,STAI,Staircase Intersection 1 Level 2,BSTAI00102,F
BSTAI002F2,2279,827,F2,45 Francis,STAI,Staircase Intersection 2 Level 2,BSTAI00202,F
BSTAI003F2,2554,783,F2,45 Francis,STAI,Staircase Intersection 3 Level 2,BSTAI00302,F
BSTAI005F2,2945,840,F2,45 Francis,STAI,Staircase Intersection 5 Level 2,BSTAI00502,F
BSTAI006F2,3217,886,F2,45 Francis,STAI,Staircase Intersection 6 Level 2,BSTAI00602,F
BSTAI007F2,2811,1165,F2,45 Francis,STAI,Staircase Intersection 7 Level 2,BSTAI00702,F
BSTAI008F2,2554,1316,F2,45 Francis,STAI,Staircase Intersection 8 Level 2,BSTAI00802,F
BSTAI009F2,2190,1280,F2,45 Francis,STAI,Staircase Intersection 9 Level 2,BSTAI00902,F
BSTAI010F2,2238,932,F2,45 Francis,STAI,Staircase Intersection 10 Level 2,BSTAI01002,F
DSTAI001F2,4650,675,F2,15 Francis,STAI,Staircase1 Floor2,DSTAI00102,F
DSTAI002F2,4320,550,F2,15 Francis,STAI,Staircase2 Floor2,DSTAI00202,F
DSTAI003F2,4250,440,F2,15 Francis,STAI,Staircase3 Floor2,DSTAI00302,F
DSTAI004F2,4175,620,F2,15 Francis,STAI,Staircase4 Floor2,DSTAI00402,F
DSTAI005F2,4065,630,F2,15 Francis,STAI,Staircase5 Floor2,DSTAI00502,F
DSTAI006F2,3950,865,F2,15 Francis,STAI,Staircase6 Floor2,DSTAI00602,F
DSTAI007F2,3855,565,F2,15 Francis,STAI,Staircase7 Floor2,DSTAI00702,F
DSTAI008F2,3535,645,F2,15 Francis,STAI,Staircase8 Floor2,DSTAI00802,F
ESTAI001F1,2190,910,F1,45 Francis,STAI,Staircase K1 Floor 1,ESTAI00101,F
ESTAI002F1,2275,830,F1,45 Francis,STAI,Staircase J1 Floor 1,ESTAI00201,F
ESTAI003F1,2790,1155,F1,45 Francis,STAI,Staircase H1 Floor 1,ESTAI00301,F
ESTAI004F1,2605,1340,F1,45 Francis,STAI,Staircase H2 Floor 1,ESTAI00401,F
FSTAI001F1,2026,892,F1,Tower,STAI,Lobby Shattuck Street Stairs,FSTAI00101,F
FSTAI002F1,1673,802,F1,Tower,STAI,Tower Stairway 1,FSTAI00201,F
FSTAI003F1,1947,1239,F1,Tower,STAI,Lobby Escalator,FSTAI00301,F
GSTAI005F1,1707,1992,F1,Shapiro,STAI,Stairway MapNode 5 Floor 1,GSTAI00501,F
GSTAI008L1,1720,2131,L1,Shapiro,STAI,Stairs MapNode 8 Floor L1,GSTAI008L1,F
GSTAI009F3,1685,2052,F3,Shapiro,STAI,Staircase Node 9 Floor 3,GSTAI00903,F
GSTAI013F1,1750,2014,F1,Shapiro,STAI,Staircase MapNode 13 Floor 1,GSTAI01301,F
GSTAI026F2,1686,1931,F2,Shapiro,STAI,Stairs Node 26 Floor 2,GSTAI02602,F
GSTAI028F2,1685,2041,F2,Shapiro,STAI,Stairs Node 28 Floor 2,GSTAI02802,F
HSTAI001F2,2060,880,F2,Tower,STAI,Stairwell 1,HSTAI00102,F
HSTAI001F3,1680,1275,F3,Tower,STAI,Stairwell 1,HSTAI00103,F
HSTAI002F2,1695,1165,F2,Tower,STAI,Stairwell 2 Tower,HSTAI00202,F
HSTAI003F2,1790,1230,F2,Tower,STAI,Escalator 1,HSTAI00302,F
